type,spec,m/z,MS105599700,MS105615807,MS105616993,MS105620706,MS105622773,MS105626195,MS105626405,MS105628430,MS105630746,MS105652140
msms,ai_devi_example,85.455,0.0,0.0,0.0,0.0,0.5,0.7,0.0,0.0,0.0,0.0
msms,ai_devi_example,85.560,0.0,0.0,0.0,0.0,0.0,0.0,0.0,1.6,0.0,0.0
msms,ai_devi_example,85.898,0.0,0.0,1.9,0.0,0.0,0.0,0.0,0.0,0.0,0.0
msms,ai_devi_example,86.097,0.5,1.3,-5.6,2.7,0.1,1.8,1.9,1.3,1.6,-6.0
msms,ai_devi_example,86.391,0.0,0.0,0.0,0.0,0.5,0.0,0.0,0.0,0.0,0.0
msms,ai_devi_example,87.084,0.0,0.4,1.7,0.6,0.0,0.0,0.5,0.0,0.0,0.0
msms,ai_devi_example,87.275,0.0,0.0,0.0,0.0,0.0,0.0,0.6,0.0,0.0,0.0
msms,ai_devi_example,87.976,0.0,0.0,0.0,0.5,0.0,0.0,0.0,0.0,0.0,0.0
msms,ai_devi_example,88.040,0.0,0.0,0.0,0.0,0.0,0.7,0.0,0.0,0.0,0.0
msms,ai_devi_example,88.450,0.0,0.0,0.0,0.0,0.0,0.0,0.6,0.0,0.0,0.0
msms,ai_devi_example,88.520,0.5,0.0,0.0,0.0,0.0,0.0,0.0,0.0,0.0,0.0
msms,ai_devi_example,88.624,0.0,0.0,0.0,0.0,0.0,0.7,0.0,0.0,0.0,0.0
msms,ai_devi_example,89.301,0.0,0.0,0.0,0.0,0.0,0.0,0.0,0.0,0.0,1.3
msms,ai_devi_example,92.248,0.0,0.0,0.0,0.0,0.0,0.0,0.0,0.0,0.6,0.0
msms,ai_devi_example,92.368,0.0,0.5,0.0,0.0,0.0,0.0,0.0,0.0,0.0,0.0
msms,ai_devi_example,92.536,0.4,0.0,0.0,0.0,0.0,0.0,0.0,0.0,0.0,0.0
msms,ai_devi_example,94.041,0.0,0.0,0.0,0.0,0.0,0.0,0.7,0.0,0.0,0.0
msms,ai_devi_example,95.586,0.0,0.5,0.0,0.0,0.0,0.0,0.0,0.0,0.0,0.0
msms,ai_devi_example,97.667,0.0,0.4,0.0,0.0,0.0,0.0,0.0,0.0,0.0,0.0
msms,ai_devi_example,98.097,0.0,0.5,0.0,0.0,0.0,0.0,0.0,0.0,0.0,0.0
msms,ai_devi_example,99.056,0.0,0.0,0.0,0.5,0.0,0.0,0.0,0.0,0.0,0.0
msms,ai_devi_example,99.133,0.0,0.0,2.0,0.0,0.0,0.0,0.0,0.0,0.0,0.0
msms,ai_devi_example,99.507,0.0,0.0,0.0,0.0,0.5,0.0,0.0,0.0,0.0,0.0
msms,ai_devi_example,100.325,0.5,0.0,0.0,0.0,0.0,0.0,0.0,0.0,0.0,0.0
msms,ai_devi_example,101.071,-0.2,1.5,0.0,2.3,0.3,1.3,0.7,-0.8,1.5,-0.3
msms,ai_devi_example,101.422,0.0,0.0,0.0,0.0,0.5,0.0,0.0,0.0,0.0,0.0
msms,ai_devi_example,102.055,-0.7,-0.8,-0.4,-0.2,-1.4,-0.5,-1.2,-4.0,0.0,-6.5
msms,ai_devi_example,102.934,0.0,0.5,0.0,0.0,0.0,0.0,0.0,0.0,0.0,0.0
msms,ai_devi_example,104.053,-0.1,0.7,0.4,-0.2,-0.6,-0.9,0.2,-2.7,0.3,-2.2
msms,ai_devi_example,105.368,0.0,0.0,0.0,0.0,0.0,0.0,0.0,1.8,0.0,0.0
msms,ai_devi_example,105.910,0.0,0.0,0.0,0.0,0.0,0.0,0.6,0.0,0.0,0.0
msms,ai_devi_example,106.459,0.0,0.0,0.0,0.0,0.0,0.0,0.0,0.0,0.6,0.0
msms,ai_devi_example,106.711,0.0,0.0,1.9,0.0,0.0,0.0,0.0,0.0,0.0,0.0
msms,ai_devi_example,107.049,0.0,0.6,0.0,0.0,0.0,0.0,0.0,0.0,0.0,0.0
msms,ai_devi_example,107.292,0.0,0.0,0.0,0.0,0.0,0.0,0.0,1.5,0.0,0.0
msms,ai_devi_example,107.410,0.0,0.0,0.0,0.0,0.0,0.0,0.6,0.0,0.0,0.0
msms,ai_devi_example,110.070,0.2,0.7,0.3,1.2,0.0,0.0,0.0,0.0,1.1,-1.4
msms,ai_devi_example,110.339,0.4,0.0,0.0,0.0,0.0,0.0,0.0,0.0,0.0,0.0
msms,ai_devi_example,114.678,0.0,0.0,0.0,0.0,0.0,0.0,0.0,1.6,0.0,0.0
msms,ai_devi_example,114.967,0.0,0.0,0.0,0.0,0.5,0.0,0.0,0.0,0.0,0.0
msms,ai_devi_example,115.087,0.0,0.0,0.0,0.6,0.0,0.0,0.0,0.0,0.0,0.0
msms,ai_devi_example,115.244,0.0,0.5,0.0,0.0,0.0,0.0,0.0,0.0,0.0,0.0
msms,ai_devi_example,116.069,0.0,0.0,0.0,0.6,0.0,0.0,0.0,0.0,0.0,0.0
msms,ai_devi_example,116.759,0.0,0.0,0.0,0.0,0.0,0.0,0.0,0.0,0.0,1.3
msms,ai_devi_example,117.782,0.0,0.4,0.0,0.0,0.0,0.0,0.0,0.0,0.0,0.0
msms,ai_devi_example,118.027,0.0,0.0,0.0,0.0,0.5,0.0,0.0,0.0,0.0,0.0
msms,ai_devi_example,120.081,0.5,1.0,0.0,1.6,0.0,1.1,0.0,0.0,0.0,0.0
msms,ai_devi_example,120.148,0.0,0.0,0.0,0.0,0.0,0.0,0.0,0.0,0.0,1.2
msms,ai_devi_example,120.453,0.5,0.0,0.0,0.0,0.0,0.0,0.0,0.0,0.0,0.0
msms,ai_devi_example,121.084,0.0,0.5,0.0,0.0,0.0,0.0,0.0,0.0,0.0,0.0
msms,ai_devi_example,121.565,0.0,0.0,0.0,0.0,0.0,0.0,0.6,0.0,0.0,0.0
msms,ai_devi_example,122.286,0.0,0.0,0.0,0.0,0.0,0.0,0.6,0.0,0.0,0.0
msms,ai_devi_example,123.523,0.0,0.0,0.0,0.0,0.0,0.0,0.0,1.6,0.0,0.0
msms,ai_devi_example,123.851,0.0,0.0,0.0,0.0,0.5,0.0,0.0,0.0,0.0,0.0
msms,ai_devi_example,127.085,0.0,0.0,0.0,0.0,0.0,0.0,0.0,0.0,0.0,1.3
msms,ai_devi_example,127.418,0.0,0.0,0.0,0.0,0.5,0.0,0.0,0.0,0.0,0.0
msms,ai_devi_example,128.071,0.5,0.5,0.0,0.0,0.5,1.0,0.0,0.0,0.0,0.0
msms,ai_devi_example,128.711,0.0,0.4,0.0,0.0,0.0,0.0,0.0,0.0,0.0,0.0
msms,ai_devi_example,129.099,0.3,1.1,-1.4,2.0,-0.5,1.1,0.6,-1.1,1.6,-4.8
msms,ai_devi_example,129.100,0.3,1.1,-1.4,2.0,-0.5,1.1,0.6,-1.0,1.6,-4.8
msms,ai_devi_example,129.582,0.0,0.0,0.0,0.0,0.0,0.0,0.0,0.0,0.5,0.0
msms,ai_devi_example,130.082,-0.1,0.7,0.0,0.9,-0.6,-0.2,-0.3,-1.8,0.8,-3.5
msms,ai_devi_example,131.118,0.0,0.0,0.0,1.3,0.0,0.8,1.2,0.0,0.0,0.0
msms,ai_devi_example,132.436,0.0,0.0,0.0,0.0,0.0,0.0,0.0,0.0,0.0,1.2
msms,ai_devi_example,133.045,0.0,0.6,0.0,0.0,0.0,0.0,0.0,0.0,0.5,0.0
msms,ai_devi_example,136.076,0.7,2.9,5.2,3.3,0.9,1.8,1.5,0.0,2.6,0.0
msms,ai_devi_example,137.080,0.0,0.8,0.0,0.6,0.0,0.0,0.5,1.7,0.0,0.0
msms,ai_devi_example,138.055,0.0,0.0,0.0,0.0,0.0,0.0,0.6,2.0,0.0,0.0
msms,ai_devi_example,139.611,0.0,0.0,1.9,0.0,0.0,0.0,0.0,0.0,0.0,0.0
msms,ai_devi_example,141.288,0.0,0.0,0.0,0.0,0.0,0.0,0.0,1.5,0.0,0.0
msms,ai_devi_example,141.935,0.0,0.0,0.0,0.0,0.5,0.0,0.0,0.0,0.0,0.0
msms,ai_devi_example,143.106,0.0,0.7,1.1,0.4,0.0,0.1,0.0,0.7,0.9,0.0
msms,ai_devi_example,144.076,0.0,0.0,0.0,0.0,0.0,0.0,0.0,0.0,0.6,0.0
msms,ai_devi_example,145.108,0.0,0.0,1.9,0.0,0.0,0.0,0.0,0.0,0.0,0.0
msms,ai_devi_example,146.199,0.0,0.5,0.0,0.0,0.0,0.0,0.0,0.0,0.0,0.0
msms,ai_devi_example,146.384,0.0,0.5,0.0,0.0,0.0,0.0,0.0,0.0,0.0,0.0
msms,ai_devi_example,147.113,-0.4,0.7,-0.0,0.0,-0.3,0.0,0.2,-0.6,1.3,-4.1
msms,ai_devi_example,147.238,0.0,0.0,0.0,0.0,0.5,0.0,0.0,0.0,0.0,0.0
msms,ai_devi_example,148.076,0.0,0.5,0.0,0.0,0.0,0.0,0.0,0.0,0.0,0.0
msms,ai_devi_example,150.060,0.0,0.0,0.0,0.0,0.0,0.0,0.0,0.0,0.8,0.0
msms,ai_devi_example,152.335,0.0,0.0,0.0,0.0,0.0,0.0,0.0,0.0,0.5,0.0
msms,ai_devi_example,153.067,0.0,0.0,0.0,0.7,0.0,0.8,0.0,0.0,0.0,0.0
msms,ai_devi_example,153.186,0.0,0.0,1.7,0.0,0.0,0.0,0.0,0.0,0.0,0.0
msms,ai_devi_example,153.246,0.0,0.0,1.9,0.0,0.0,0.0,0.0,0.0,0.0,0.0
msms,ai_devi_example,153.542,0.0,0.0,0.0,0.0,0.0,0.0,0.0,0.0,0.5,0.0
msms,ai_devi_example,154.584,0.5,0.0,0.0,0.0,0.0,0.0,0.0,0.0,0.0,0.0
msms,ai_devi_example,155.082,-0.5,-0.7,-0.9,-0.5,-0.6,-0.7,-1.1,-1.2,-0.7,-4.8
msms,ai_devi_example,156.066,0.0,0.0,0.0,0.0,0.6,0.0,0.0,0.0,0.0,0.0
msms,ai_devi_example,156.691,0.0,0.5,0.0,0.0,0.0,0.0,0.0,0.0,0.0,0.0
msms,ai_devi_example,156.969,0.0,0.0,0.0,0.0,0.0,0.0,0.0,0.0,0.5,0.0
msms,ai_devi_example,157.351,0.0,0.0,1.9,0.0,0.0,0.0,0.0,0.0,0.0,0.0
msms,ai_devi_example,158.092,0.0,0.6,0.0,0.6,0.0,0.8,0.0,0.0,0.0,0.0
msms,ai_devi_example,159.112,0.0,0.0,0.0,0.0,0.0,0.9,0.0,0.0,0.0,0.0
msms,ai_devi_example,159.212,0.0,0.0,0.0,0.5,0.0,0.0,0.0,0.0,0.0,0.0
msms,ai_devi_example,161.195,0.0,0.0,0.0,0.0,0.0,0.0,0.0,0.0,0.0,1.2
msms,ai_devi_example,162.367,0.0,0.0,0.0,0.0,0.0,0.0,0.0,0.0,0.0,1.1
msms,ai_devi_example,165.818,0.0,0.0,0.0,0.5,0.0,0.0,0.0,0.0,0.0,0.0
msms,ai_devi_example,169.134,0.0,0.0,0.0,0.0,0.0,0.0,0.0,2.4,0.0,0.0
msms,ai_devi_example,171.077,0.0,0.6,0.0,0.7,0.0,1.0,0.7,0.0,0.0,0.0
msms,ai_devi_example,171.336,0.0,0.0,0.0,0.0,0.0,0.0,0.6,0.0,0.0,0.0
msms,ai_devi_example,173.092,0.4,0.4,0.0,0.0,0.7,0.5,0.6,1.9,-0.1,4.2
msms,ai_devi_example,173.238,0.0,0.0,0.0,0.0,0.0,0.0,0.0,0.0,0.6,0.0
msms,ai_devi_example,174.096,-0.2,-0.4,0.3,-0.6,-0.9,-0.9,0.0,-2.1,0.0,-1.3
msms,ai_devi_example,175.119,0.5,1.0,0.0,1.2,0.0,1.3,0.0,0.0,0.9,0.0
msms,ai_devi_example,175.285,0.4,0.0,0.0,0.0,0.0,0.0,0.0,0.0,0.0,0.0
msms,ai_devi_example,177.743,0.0,0.0,0.0,0.0,0.5,0.0,0.0,0.0,0.0,0.0
msms,ai_devi_example,181.096,0.0,0.2,-0.4,0.5,-0.1,0.1,-0.4,-1.7,0.3,-1.8
msms,ai_devi_example,183.076,-0.1,0.0,0.6,-0.6,-0.4,-0.9,-0.3,-0.6,-0.3,-3.0
msms,ai_devi_example,184.061,0.0,0.3,0.0,0.0,0.4,0.0,0.0,0.0,0.0,1.1
msms,ai_devi_example,184.492,0.0,0.0,1.9,0.0,0.0,0.0,0.0,0.0,0.0,0.0
msms,ai_devi_example,185.164,0.0,0.0,0.0,0.0,0.0,1.2,0.0,0.0,0.0,0.0
msms,ai_devi_example,185.846,0.0,0.0,0.0,0.0,0.0,0.8,0.0,0.0,0.0,0.0
msms,ai_devi_example,186.124,0.0,0.6,0.0,0.8,0.0,0.0,0.0,0.0,0.0,0.0
msms,ai_devi_example,187.111,0.0,0.5,0.0,0.6,0.5,0.0,0.0,0.0,0.7,0.0
msms,ai_devi_example,187.666,0.0,0.5,0.0,0.0,0.0,0.0,0.0,0.0,0.0,0.0
msms,ai_devi_example,189.088,0.0,0.4,0.0,0.8,0.0,1.1,0.0,0.0,0.0,0.0
msms,ai_devi_example,189.178,0.0,0.0,0.0,0.0,0.0,0.0,0.0,1.7,0.0,0.0
msms,ai_devi_example,191.085,-0.3,-0.1,-0.5,-0.0,-0.2,-0.1,0.1,-1.4,0.0,-1.4
msms,ai_devi_example,192.435,0.0,0.5,0.0,0.0,0.0,0.0,0.0,0.0,0.5,0.0
msms,ai_devi_example,193.793,0.0,0.0,0.0,0.0,0.0,0.0,0.0,0.0,0.6,0.0
msms,ai_devi_example,194.813,0.0,0.0,1.9,0.0,0.0,0.0,0.0,0.0,0.0,0.0
msms,ai_devi_example,197.129,0.0,0.6,0.0,0.9,0.0,0.8,0.0,1.6,0.0,0.0
msms,ai_devi_example,198.088,0.0,0.0,0.0,0.8,0.0,0.0,0.0,0.0,0.0,0.0
msms,ai_devi_example,199.071,0.0,-0.5,0.3,0.5,-0.3,0.7,-0.1,0.2,0.2,-3.1
msms,ai_devi_example,201.088,0.3,0.2,0.0,-0.1,0.6,0.7,0.4,1.7,-0.2,3.8
msms,ai_devi_example,201.922,0.0,0.0,0.0,0.6,0.0,0.0,0.0,0.0,0.0,0.0
msms,ai_devi_example,202.089,0.0,0.3,1.2,0.6,-0.4,-0.1,0.0,-0.4,0.0,-3.5
msms,ai_devi_example,204.834,0.0,0.0,0.0,0.0,0.5,0.0,0.0,0.0,0.0,0.0
msms,ai_devi_example,206.162,0.0,0.0,0.0,0.0,0.0,0.8,0.0,0.0,0.0,0.0
msms,ai_devi_example,207.820,0.0,0.0,0.0,0.0,0.0,0.0,0.6,0.0,0.0,0.0
msms,ai_devi_example,213.094,0.0,0.6,0.0,0.0,0.0,0.9,0.0,0.0,0.7,0.0
msms,ai_devi_example,214.155,0.0,0.1,0.6,0.0,0.2,-0.5,-0.1,-0.2,0.0,-2.7
msms,ai_devi_example,215.139,0.0,0.9,0.0,0.0,0.0,0.0,0.7,0.0,0.0,0.0
msms,ai_devi_example,216.853,0.0,0.0,0.0,0.0,0.0,0.0,0.0,1.5,0.0,0.0
msms,ai_devi_example,217.082,-0.0,0.2,-1.1,0.9,-0.1,0.9,0.5,0.2,0.0,-2.2
msms,ai_devi_example,217.278,0.0,0.0,0.0,0.6,0.0,0.0,0.0,0.0,0.0,0.0
msms,ai_devi_example,218.241,0.0,0.0,0.0,0.5,0.0,0.0,0.0,0.0,0.0,0.0
msms,ai_devi_example,219.082,-0.7,-0.7,0.7,-0.8,-0.3,-0.7,-0.6,-2.1,-0.7,-2.7
msms,ai_devi_example,220.098,0.0,0.7,0.0,0.7,0.0,0.0,0.0,0.0,0.0,0.0
msms,ai_devi_example,221.754,0.0,0.0,0.0,0.0,0.0,0.0,0.0,0.0,0.0,1.3
msms,ai_devi_example,222.095,0.0,1.1,0.0,0.0,0.0,0.0,0.0,0.0,0.0,0.0
msms,ai_devi_example,222.378,0.0,0.0,1.9,0.0,0.0,0.0,0.0,0.0,0.0,0.0
msms,ai_devi_example,224.140,0.0,0.3,1.9,0.4,0.0,0.5,0.6,0.0,0.0,0.0
msms,ai_devi_example,225.134,0.0,0.0,0.0,0.6,0.0,0.0,0.0,0.0,0.0,0.0
msms,ai_devi_example,225.846,0.0,0.5,0.0,0.0,0.0,0.0,0.0,0.0,0.0,0.0
msms,ai_devi_example,226.115,0.0,0.0,0.0,0.0,0.0,0.0,0.6,0.0,0.0,0.0
msms,ai_devi_example,230.114,0.0,0.5,0.0,0.6,0.0,0.0,0.0,0.0,0.0,0.0
msms,ai_devi_example,231.477,0.0,0.0,0.0,0.0,0.0,0.0,0.0,0.0,0.0,1.2
msms,ai_devi_example,235.147,0.0,0.6,0.0,0.0,0.0,0.0,0.0,0.0,0.0,0.0
msms,ai_devi_example,241.083,0.0,0.7,0.0,1.1,0.0,0.0,0.0,0.0,0.6,0.0
msms,ai_devi_example,241.979,0.0,0.0,0.0,0.0,0.0,0.0,0.0,0.0,0.0,1.2
msms,ai_devi_example,242.153,0.0,0.2,0.0,0.5,-0.2,0.2,0.7,0.8,0.0,0.0
msms,ai_devi_example,243.135,0.0,0.6,0.0,0.5,0.0,0.0,0.0,0.0,0.0,0.0
msms,ai_devi_example,244.092,0.0,0.0,0.0,0.7,0.0,0.0,0.0,0.0,0.0,0.0
msms,ai_devi_example,245.077,0.0,0.0,0.0,1.0,0.0,0.0,1.0,0.0,0.0,0.0
msms,ai_devi_example,245.425,0.0,0.0,0.0,0.0,0.0,0.0,0.0,1.6,0.0,0.0
msms,ai_devi_example,246.181,0.0,0.6,0.0,1.0,0.0,0.0,0.0,0.0,0.8,0.0
msms,ai_devi_example,246.908,0.0,0.0,0.0,0.0,0.5,0.0,0.0,0.0,0.0,0.0
msms,ai_devi_example,247.108,0.0,2.1,0.0,2.8,-0.2,0.0,0.8,0.0,2.1,-1.1
msms,ai_devi_example,248.112,0.0,0.7,0.0,0.0,0.0,0.0,0.0,0.0,0.0,0.0
msms,ai_devi_example,248.626,0.0,0.0,0.0,0.0,0.0,0.0,0.0,1.7,0.0,0.0
msms,ai_devi_example,249.161,0.0,0.8,0.0,0.0,0.0,0.0,0.0,0.0,0.6,0.0
msms,ai_devi_example,254.115,0.0,0.0,0.0,0.0,0.0,0.0,0.0,0.0,0.6,0.0
msms,ai_devi_example,254.978,0.0,0.0,0.0,0.6,0.0,0.0,0.0,0.0,0.0,0.0
msms,ai_devi_example,257.730,0.0,0.0,0.0,0.0,0.0,0.0,0.0,0.0,0.0,1.3
msms,ai_devi_example,258.112,0.0,0.9,0.0,1.1,0.0,0.7,0.0,0.0,0.8,0.0
msms,ai_devi_example,259.097,0.0,0.0,0.0,0.6,0.0,0.0,0.0,0.0,0.0,0.0
msms,ai_devi_example,260.197,-0.4,-0.2,0.2,-0.9,-0.3,-0.8,0.0,-2.3,0.0,-3.2
msms,ai_devi_example,260.981,0.0,0.0,0.0,0.5,0.0,0.0,0.0,0.0,0.0,0.0
msms,ai_devi_example,261.306,0.0,0.0,0.0,0.0,0.0,0.0,0.0,0.0,0.5,0.0
msms,ai_devi_example,261.379,0.0,0.5,0.0,0.0,0.0,0.0,0.0,0.0,0.0,0.0
msms,ai_devi_example,262.086,0.0,0.8,0.0,1.1,0.0,0.0,0.0,0.0,0.0,0.0
msms,ai_devi_example,265.119,0.0,2.0,0.0,2.7,0.4,1.6,1.1,0.0,2.0,0.0
msms,ai_devi_example,266.122,0.0,0.0,0.0,0.6,0.0,0.0,0.0,0.0,0.0,0.0
msms,ai_devi_example,267.118,0.0,2.2,-0.8,0.0,0.1,0.0,0.0,-0.3,0.2,-2.0
msms,ai_devi_example,268.120,0.0,1.3,0.0,0.0,0.0,0.0,0.0,0.0,0.0,0.0
msms,ai_devi_example,270.109,-0.6,-0.9,1.2,-0.9,-0.7,-1.0,-1.0,-2.0,0.0,-3.2
msms,ai_devi_example,272.124,-0.4,-0.6,1.2,-1.1,-0.6,-0.9,-0.8,-2.6,0.0,-4.4
msms,ai_devi_example,272.712,0.0,0.0,0.0,0.0,0.0,0.0,0.6,0.0,0.0,0.0
msms,ai_devi_example,275.104,0.0,0.0,0.0,1.4,0.6,0.8,0.7,0.0,1.1,0.0
msms,ai_devi_example,276.135,0.0,0.0,0.0,1.0,0.0,0.0,0.0,0.0,0.0,0.0
msms,ai_devi_example,277.158,0.0,0.0,0.0,0.0,0.0,0.0,0.0,0.0,0.6,0.0
msms,ai_devi_example,280.434,0.0,0.0,0.0,0.0,0.0,0.8,0.0,0.0,0.0,0.0
msms,ai_devi_example,284.124,0.0,0.0,2.3,0.0,0.0,0.0,0.0,0.0,0.0,0.0
msms,ai_devi_example,287.239,0.0,0.0,0.0,0.0,0.0,0.0,0.0,1.5,0.0,0.0
msms,ai_devi_example,288.119,-0.4,-0.2,-0.5,-0.6,-0.2,0.0,-0.4,-1.3,-0.4,-2.6
msms,ai_devi_example,288.204,0.0,0.0,0.0,0.8,0.0,0.0,0.0,0.0,0.0,0.0
msms,ai_devi_example,289.163,0.0,0.0,0.0,1.2,0.0,1.9,0.0,0.0,0.0,0.0
msms,ai_devi_example,290.120,0.0,0.0,0.0,0.0,0.0,0.0,0.0,0.0,0.6,0.0
msms,ai_devi_example,290.543,0.0,0.0,0.0,0.0,0.0,0.0,0.0,1.5,0.0,0.0
msms,ai_devi_example,292.130,0.3,0.4,0.0,0.4,0.5,0.6,0.3,1.0,0.1,1.6
msms,ai_devi_example,293.123,0.0,0.4,0.0,0.7,0.0,0.0,0.0,1.7,0.0,0.0
msms,ai_devi_example,295.112,0.0,1.1,1.2,0.0,-0.2,0.0,0.0,0.0,0.0,-1.6
msms,ai_devi_example,296.113,0.0,0.7,0.0,0.0,0.0,0.0,0.0,0.0,0.0,0.0
msms,ai_devi_example,297.154,0.0,0.0,0.0,0.6,0.0,0.0,0.0,0.0,0.0,0.0
msms,ai_devi_example,298.129,0.0,0.0,0.0,0.0,0.0,0.0,0.0,0.0,0.8,0.0
msms,ai_devi_example,301.446,0.0,0.0,0.0,0.0,0.0,0.8,0.0,0.0,0.0,0.0
msms,ai_devi_example,310.670,0.0,0.0,0.0,0.5,0.0,0.0,0.0,0.0,0.0,0.0
msms,ai_devi_example,311.174,0.0,0.0,0.0,0.5,0.0,0.0,0.0,2.1,0.0,0.0
msms,ai_devi_example,311.294,0.5,0.0,0.0,0.0,0.0,0.0,0.0,0.0,0.0,0.0
msms,ai_devi_example,312.120,0.0,0.0,0.0,0.0,0.0,0.5,0.0,0.0,0.0,1.6
msms,ai_devi_example,313.072,0.0,0.5,0.0,0.0,0.5,0.0,0.0,0.0,0.0,0.0
msms,ai_devi_example,315.979,0.0,0.0,0.0,0.0,0.0,0.0,0.0,1.6,0.0,0.0
msms,ai_devi_example,322.128,0.0,0.0,0.0,0.0,0.0,0.0,0.0,0.0,0.6,0.0
msms,ai_devi_example,325.122,0.0,0.0,0.0,0.0,0.0,0.0,0.0,0.0,0.9,0.0
msms,ai_devi_example,326.125,0.0,0.0,0.0,0.0,0.0,0.0,0.0,0.0,1.2,0.0
msms,ai_devi_example,326.207,0.0,0.0,0.0,0.0,0.5,0.0,0.0,0.0,0.0,0.0
msms,ai_devi_example,330.109,0.1,0.0,0.5,0.0,0.2,0.2,-0.0,0.0,0.0,-1.1
msms,ai_devi_example,331.103,0.0,0.0,0.0,0.6,0.0,0.0,0.0,0.0,0.0,0.0
msms,ai_devi_example,343.174,0.0,0.4,0.0,0.7,0.7,0.0,0.7,0.0,0.0,0.0
msms,ai_devi_example,348.122,-0.4,-0.2,0.2,-0.6,-0.4,-0.7,-0.6,-1.6,0.0,-1.9
msms,ai_devi_example,349.759,0.0,0.0,0.0,0.0,0.5,0.0,0.0,0.0,0.0,0.0
msms,ai_devi_example,352.232,0.0,0.0,0.0,0.0,0.6,0.0,0.0,0.0,0.0,0.0
msms,ai_devi_example,353.144,0.0,0.5,0.0,0.0,0.0,0.0,0.0,0.0,0.0,0.0
msms,ai_devi_example,353.196,0.0,0.5,0.0,0.0,0.0,0.0,0.0,0.0,0.0,0.0
msms,ai_devi_example,354.168,0.0,0.6,0.0,0.7,0.0,0.0,0.0,0.0,0.7,0.0
msms,ai_devi_example,355.128,0.0,0.0,0.0,0.6,0.0,0.0,0.0,0.0,0.0,0.0
msms,ai_devi_example,356.640,0.0,0.0,0.0,0.0,0.0,0.8,0.0,0.0,0.0,0.0
msms,ai_devi_example,356.710,0.0,0.0,0.0,0.0,0.0,0.8,0.0,0.0,0.0,0.0
msms,ai_devi_example,358.271,0.0,0.0,1.8,0.0,0.0,0.0,0.0,0.0,0.0,0.0
msms,ai_devi_example,358.598,0.0,0.0,0.0,0.0,0.0,0.0,0.0,0.0,0.6,0.0
msms,ai_devi_example,359.154,0.0,0.5,0.0,0.0,0.0,0.0,0.0,0.0,0.0,0.0
msms,ai_devi_example,360.225,0.0,1.1,0.0,1.4,0.0,0.9,0.0,0.0,1.0,0.0
msms,ai_devi_example,361.154,0.0,0.0,0.0,0.8,0.0,0.0,0.0,0.0,0.0,0.0
msms,ai_devi_example,365.185,0.0,0.5,0.0,0.0,0.0,0.0,0.0,0.0,0.0,0.0
msms,ai_devi_example,367.197,0.0,0.0,0.0,0.7,0.0,0.0,0.0,0.0,0.0,0.0
msms,ai_devi_example,370.245,-0.1,-0.1,0.9,-0.4,-0.1,-0.1,-0.2,0.0,-0.4,-1.7
msms,ai_devi_example,370.348,0.0,0.0,0.0,0.0,0.0,0.0,0.0,0.0,0.0,1.3
msms,ai_devi_example,371.228,-0.6,-0.5,1.0,-1.0,-0.7,-1.3,-1.2,-2.3,-0.9,-3.9
msms,ai_devi_example,372.163,0.0,0.0,0.0,0.8,0.0,0.0,0.0,0.0,0.6,0.0
msms,ai_devi_example,373.404,0.0,0.0,0.0,0.0,0.0,0.0,0.6,0.0,0.0,0.0
msms,ai_devi_example,375.170,0.0,0.6,0.0,0.9,0.0,0.0,0.0,0.0,0.7,0.0
msms,ai_devi_example,381.139,0.0,0.0,0.4,0.0,-0.2,0.0,0.0,0.0,0.0,-0.2
msms,ai_devi_example,382.143,-0.0,-0.3,0.1,-0.5,-0.8,-1.0,-0.5,-1.4,-0.1,-2.8
msms,ai_devi_example,383.286,0.0,0.0,0.0,0.0,0.0,0.0,0.0,0.0,0.6,0.0
msms,ai_devi_example,386.790,0.0,0.0,0.0,0.0,0.0,0.0,0.0,0.0,0.5,0.0
msms,ai_devi_example,388.203,0.0,0.5,0.0,0.0,0.0,0.8,0.0,0.0,0.0,0.0
msms,ai_devi_example,388.256,-0.2,-0.6,-0.4,-1.1,-0.3,-0.8,0.0,-1.0,-0.6,-3.0
msms,ai_devi_example,390.706,0.0,0.0,0.0,0.0,0.0,0.8,0.0,0.0,0.0,0.0
msms,ai_devi_example,391.161,0.0,0.0,0.0,0.0,0.7,0.8,0.0,0.0,0.0,0.0
msms,ai_devi_example,394.563,0.0,0.0,0.0,0.0,0.0,0.0,0.0,0.0,0.6,0.0
msms,ai_devi_example,398.223,0.0,0.6,0.0,0.0,0.0,0.0,0.0,0.0,0.0,0.0
msms,ai_devi_example,398.716,0.0,0.0,0.0,0.5,0.0,0.0,0.0,0.0,0.6,0.0
msms,ai_devi_example,399.172,0.0,0.2,0.0,0.0,-0.1,-0.3,0.2,-0.8,0.0,0.7
msms,ai_devi_example,400.319,0.0,0.0,1.8,0.0,0.0,0.0,0.0,0.0,0.0,0.0
msms,ai_devi_example,401.149,-0.4,-0.3,0.4,-0.5,-0.5,-1.0,-0.2,-0.5,0.0,-2.6
msms,ai_devi_example,402.160,0.0,0.0,0.0,0.0,0.0,0.0,0.0,1.6,0.0,0.0
msms,ai_devi_example,403.164,0.0,1.0,0.0,1.4,0.0,0.0,0.0,0.0,0.9,0.0
msms,ai_devi_example,405.214,0.0,0.2,0.0,0.3,-0.1,0.7,0.0,0.0,0.0,1.4
msms,ai_devi_example,406.160,0.0,0.0,0.0,0.0,0.0,0.0,0.0,0.0,0.6,0.0
msms,ai_devi_example,410.257,0.0,0.0,0.0,0.0,0.0,0.0,0.0,1.3,0.0,0.0
msms,ai_devi_example,411.231,0.0,0.0,0.0,0.0,0.5,0.0,0.0,0.0,0.0,0.0
msms,ai_devi_example,413.870,0.5,0.0,0.0,0.0,0.0,0.0,0.0,0.0,0.0,0.0
msms,ai_devi_example,416.226,0.0,2.5,0.0,0.0,0.0,0.0,0.0,0.0,0.0,0.0
msms,ai_devi_example,416.740,0.0,0.0,0.0,0.0,0.5,0.0,0.0,0.0,0.0,0.0
msms,ai_devi_example,417.229,0.0,1.5,0.0,0.0,0.0,0.0,0.0,0.0,0.0,0.0
msms,ai_devi_example,418.105,0.0,0.0,0.0,0.5,0.0,0.0,0.0,0.0,0.0,0.0
msms,ai_devi_example,418.239,0.0,0.5,0.0,0.0,0.0,0.0,0.0,0.0,0.0,0.0
msms,ai_devi_example,419.159,-0.0,-0.2,0.8,0.0,0.1,0.1,-0.3,-1.5,0.0,-2.7
msms,ai_devi_example,421.177,0.0,0.0,0.0,0.7,0.0,0.0,0.0,0.0,0.0,0.0
msms,ai_devi_example,423.169,-0.6,-1.0,0.4,-0.9,-0.4,-0.8,-0.7,-1.9,-0.5,-2.7
msms,ai_devi_example,430.221,0.0,0.0,0.0,1.0,0.0,0.0,0.0,0.0,0.7,0.0
msms,ai_devi_example,430.720,0.0,0.6,0.0,0.0,0.0,0.0,0.0,0.0,0.0,0.0
msms,ai_devi_example,431.867,0.7,0.0,0.0,0.0,0.5,0.0,0.0,0.0,0.0,0.0
msms,ai_devi_example,432.112,0.0,0.5,0.0,0.0,0.0,0.0,0.0,0.0,0.0,0.0
msms,ai_devi_example,436.184,0.0,0.0,0.0,0.0,0.0,0.0,0.0,0.0,0.0,1.3
msms,ai_devi_example,441.092,0.0,0.0,0.0,0.0,0.0,0.0,0.6,0.0,0.0,0.0
msms,ai_devi_example,442.653,0.0,0.0,0.0,0.5,0.0,0.0,0.0,0.0,0.0,0.0
msms,ai_devi_example,443.205,0.0,0.0,0.0,0.0,0.5,0.0,0.0,0.0,0.0,0.0
msms,ai_devi_example,443.264,0.0,0.8,0.0,1.1,0.0,0.0,0.0,0.0,0.8,0.0
msms,ai_devi_example,445.489,0.0,0.0,0.0,0.0,0.0,0.9,0.0,0.0,0.0,0.0
msms,ai_devi_example,445.626,0.0,0.0,0.0,0.0,0.0,0.0,0.0,0.0,0.5,0.0
msms,ai_devi_example,447.179,0.0,0.0,0.0,0.0,0.0,0.0,0.0,0.0,0.6,0.0
msms,ai_devi_example,448.081,0.0,0.0,0.0,0.0,0.0,0.0,0.0,0.0,0.5,0.0
msms,ai_devi_example,453.178,0.0,0.6,0.0,0.0,0.0,0.0,0.0,0.0,0.0,0.0
msms,ai_devi_example,456.653,0.0,0.0,1.9,0.0,0.0,0.0,0.0,0.0,0.0,0.0
msms,ai_devi_example,456.936,0.0,0.0,0.0,0.0,0.0,0.0,0.0,1.6,0.0,0.0
msms,ai_devi_example,459.245,0.0,0.0,0.0,0.6,0.0,0.0,0.0,0.0,0.0,0.0
msms,ai_devi_example,462.175,0.0,0.0,0.0,0.0,0.0,0.8,0.0,0.0,0.0,0.0
msms,ai_devi_example,465.182,0.0,-0.3,-0.2,0.0,-0.3,0.0,0.0,-0.4,0.0,-0.8
msms,ai_devi_example,470.755,0.0,0.0,0.0,0.0,0.0,0.8,0.0,0.0,0.0,0.0
msms,ai_devi_example,473.344,0.0,0.0,0.0,0.5,0.0,0.0,0.0,0.0,0.0,0.0
msms,ai_devi_example,475.264,0.0,0.0,0.0,1.4,0.0,1.8,0.0,0.0,0.0,0.0
msms,ai_devi_example,476.253,0.0,0.0,0.0,0.0,0.0,0.9,0.0,0.0,0.0,0.0
msms,ai_devi_example,483.193,0.0,0.0,0.0,0.7,0.0,0.9,0.0,0.0,0.0,0.0
msms,ai_devi_example,486.266,0.0,1.0,0.0,0.0,0.0,0.0,0.0,0.0,0.0,0.0
msms,ai_devi_example,492.199,0.0,0.0,0.0,0.0,0.0,1.0,0.0,0.0,0.0,0.0
msms,ai_devi_example,493.176,0.0,0.0,-0.8,0.0,-0.5,-0.5,0.0,-1.3,0.0,-0.5
msms,ai_devi_example,500.435,0.0,0.0,0.0,0.0,0.0,0.0,0.0,0.0,0.6,0.0
msms,ai_devi_example,500.991,0.0,0.5,0.0,0.0,0.0,0.0,0.0,0.0,0.0,0.0
msms,ai_devi_example,501.206,0.0,0.6,0.0,0.0,0.0,0.0,0.0,0.0,0.6,0.0
msms,ai_devi_example,507.261,0.0,1.2,0.0,1.6,0.0,0.0,0.6,0.0,1.2,0.0
msms,ai_devi_example,508.249,0.0,0.0,0.0,0.6,0.0,0.0,0.0,0.0,0.0,0.0
msms,ai_devi_example,510.202,-0.3,-0.4,-0.1,-0.8,-0.8,-1.0,-0.7,-0.9,-0.6,-3.0
msms,ai_devi_example,510.292,0.0,0.0,0.0,0.0,0.0,0.0,0.0,0.0,0.6,0.0
msms,ai_devi_example,511.182,0.0,-0.3,0.1,-0.2,-0.5,-0.6,-0.4,-0.8,0.0,-1.6
msms,ai_devi_example,512.180,0.0,0.1,0.0,0.0,-0.0,0.0,0.0,0.3,0.0,0.9
msms,ai_devi_example,513.119,0.0,0.0,0.0,0.0,0.0,0.0,0.0,1.6,0.0,0.0
msms,ai_devi_example,516.282,0.0,0.2,0.0,0.0,0.0,0.0,0.0,0.0,0.0,1.6
msms,ai_devi_example,517.223,0.0,0.0,1.9,0.0,0.0,0.0,0.0,0.0,0.0,0.0
msms,ai_devi_example,527.110,0.0,0.0,0.0,0.0,0.0,0.0,0.0,0.0,0.0,1.2
msms,ai_devi_example,527.239,0.0,0.0,0.0,0.0,0.0,0.0,0.0,1.8,0.0,0.0
msms,ai_devi_example,527.320,0.5,0.0,0.0,0.0,0.0,0.0,0.0,0.0,0.0,0.0
msms,ai_devi_example,528.206,0.0,0.0,0.0,0.0,0.3,0.0,0.0,0.0,0.0,1.1
msms,ai_devi_example,530.200,0.0,0.4,2.0,0.0,0.0,0.0,0.0,0.0,0.0,0.0
msms,ai_devi_example,532.207,0.0,0.0,0.0,0.7,0.0,0.0,0.0,0.0,0.0,0.0
msms,ai_devi_example,534.555,0.0,0.0,0.0,0.0,0.0,0.0,0.6,0.0,0.0,0.0
msms,ai_devi_example,545.528,0.5,0.0,0.0,0.0,0.0,0.0,0.0,0.0,0.0,0.0
msms,ai_devi_example,549.621,0.0,0.0,0.0,0.0,0.0,0.0,0.0,0.0,0.5,0.0
msms,ai_devi_example,550.293,0.0,0.0,0.0,0.6,0.0,0.0,0.0,0.0,0.0,0.0
msms,ai_devi_example,551.319,-0.6,-1.1,-0.2,-0.8,-0.7,-1.0,-0.8,-2.1,-0.7,-4.2
msms,ai_devi_example,552.322,0.1,0.1,-0.0,-0.0,0.0,-0.1,0.1,0.0,0.0,-0.4
msms,ai_devi_example,554.229,0.0,-0.2,-0.7,0.0,-0.2,-0.8,-0.0,0.0,-0.0,0.1
msms,ai_devi_example,556.346,0.0,1.0,0.0,1.1,0.0,0.9,0.0,0.0,0.8,0.0
msms,ai_devi_example,557.248,0.0,0.0,0.0,0.0,0.0,0.0,0.0,0.0,0.0,1.3
msms,ai_devi_example,557.345,0.0,0.6,0.0,0.0,0.0,0.0,0.0,0.0,0.0,0.0
msms,ai_devi_example,561.978,0.5,0.0,0.0,0.0,0.0,0.0,0.0,0.0,0.0,0.0
msms,ai_devi_example,564.204,0.0,0.0,0.0,0.0,0.0,0.0,0.0,0.7,0.0,0.7
msms,ai_devi_example,567.794,0.0,0.0,0.0,0.6,0.0,0.0,0.0,0.0,0.0,0.0
msms,ai_devi_example,570.227,0.0,0.0,0.0,0.0,0.0,0.0,0.0,0.0,0.0,1.2
msms,ai_devi_example,572.345,0.0,0.0,0.0,0.0,0.0,0.0,0.0,2.7,0.0,0.0
msms,ai_devi_example,574.337,0.0,0.0,0.0,0.0,0.0,0.0,0.7,0.0,0.0,0.0
msms,ai_devi_example,577.646,0.0,0.0,0.0,0.0,0.0,0.0,0.0,1.5,0.0,0.0
msms,ai_devi_example,582.222,0.0,-0.6,0.4,0.0,-0.4,-0.3,-0.3,-1.6,0.0,-1.9
msms,ai_devi_example,585.312,0.0,0.0,0.0,0.8,-0.0,0.0,0.0,3.1,1.2,0.0
msms,ai_devi_example,585.376,0.0,0.0,0.0,0.0,0.7,0.0,1.0,0.0,0.0,0.0
msms,ai_devi_example,586.297,0.0,0.0,0.0,0.7,0.0,0.0,0.0,0.0,0.0,0.0
msms,ai_devi_example,590.190,0.0,0.0,0.0,0.0,0.0,0.8,0.0,0.0,0.0,0.0
msms,ai_devi_example,590.279,0.0,0.0,0.0,0.0,0.0,1.3,0.0,0.0,0.0,0.0
msms,ai_devi_example,593.425,0.0,0.0,2.0,0.0,0.0,0.0,0.0,0.0,0.0,0.0
msms,ai_devi_example,597.371,0.0,0.6,0.0,0.0,0.0,0.0,0.0,0.0,0.0,0.0
msms,ai_devi_example,599.255,0.0,0.7,0.0,0.0,0.0,0.0,0.0,0.0,0.0,0.0
msms,ai_devi_example,600.798,0.0,0.5,0.0,0.0,0.0,0.0,0.0,0.0,0.0,0.0
msms,ai_devi_example,602.949,0.6,0.0,0.0,0.0,0.0,0.0,0.0,0.0,0.0,0.0
msms,ai_devi_example,604.307,0.0,0.0,0.0,1.2,0.0,1.7,0.0,0.0,0.0,0.0
msms,ai_devi_example,605.968,0.0,0.0,2.0,0.0,0.0,0.0,0.0,0.0,0.0,0.0
msms,ai_devi_example,613.488,0.5,0.0,0.0,0.0,0.0,0.0,0.0,0.0,0.0,0.0
msms,ai_devi_example,614.227,0.0,0.0,0.0,0.0,0.0,0.8,0.0,0.0,0.0,0.0
msms,ai_devi_example,620.345,0.0,1.0,0.0,1.5,0.0,0.0,0.0,0.0,0.9,0.0
msms,ai_devi_example,621.239,0.5,0.0,0.0,0.0,0.0,0.0,0.0,1.8,0.0,0.0
msms,ai_devi_example,623.276,0.0,0.0,0.0,0.0,0.0,0.0,0.0,0.0,0.0,1.6
msms,ai_devi_example,632.304,0.0,1.0,0.0,0.0,0.0,0.0,0.0,0.0,0.0,0.0
msms,ai_devi_example,633.325,0.0,0.8,0.0,0.6,0.0,0.0,0.0,0.0,0.0,0.0
msms,ai_devi_example,634.316,0.0,0.5,0.0,0.0,0.0,0.0,0.0,0.0,0.0,0.0
msms,ai_devi_example,639.237,0.0,-0.2,-0.7,0.0,-0.2,0.1,0.0,0.2,0.0,-1.2
msms,ai_devi_example,650.307,0.0,0.5,0.0,0.0,0.0,0.0,0.0,0.0,0.0,0.0
msms,ai_devi_example,660.461,0.0,0.0,0.0,0.0,0.0,0.0,0.0,0.0,0.0,1.2
msms,ai_devi_example,662.580,0.0,0.0,0.0,0.0,0.0,0.0,0.0,2.4,0.0,0.0
msms,ai_devi_example,662.721,0.0,0.0,0.0,0.0,0.0,0.0,0.0,2.5,0.0,0.0
msms,ai_devi_example,662.840,0.0,0.2,0.0,0.0,0.0,0.0,0.0,1.4,0.0,0.2
msms,ai_devi_example,662.987,0.0,0.0,0.0,0.0,0.0,-0.4,0.0,0.0,0.0,2.4
msms,ai_devi_example,663.098,0.0,0.4,0.0,0.0,0.0,1.1,0.0,0.0,0.6,0.0
msms,ai_devi_example,663.220,0.0,0.0,0.0,0.0,0.0,1.2,0.0,0.0,0.0,0.0
msms,ai_devi_example,663.334,1.0,0.7,0.0,0.0,0.0,1.0,0.0,0.0,0.0,0.0
msms,ai_devi_example,663.342,1.0,0.7,0.0,0.0,0.0,1.0,0.0,0.0,0.0,0.0
msms,ai_devi_example,663.452,0.0,0.0,0.0,0.0,0.0,0.0,0.0,0.0,1.2,0.0
msms,ai_devi_example,663.562,0.0,0.7,0.0,0.6,0.5,0.0,1.3,0.0,0.0,0.0
msms,ai_devi_example,663.672,0.0,0.6,0.0,0.7,0.0,0.0,0.6,0.0,0.0,0.0
msms,ai_devi_example,663.744,0.0,0.0,4.0,0.0,0.0,0.0,0.0,0.0,0.0,0.0
msms,ai_devi_example,663.842,0.0,0.0,0.0,0.9,0.9,0.0,0.0,0.0,0.0,0.0
msms,ai_devi_example,665.300,0.0,0.0,0.0,0.0,0.0,0.8,0.0,0.0,0.0,0.0
msms,ai_devi_example,666.671,0.0,0.0,0.0,0.0,0.5,0.0,0.0,0.0,0.0,0.0
msms,ai_devi_example,666.782,0.0,0.0,0.0,0.0,0.5,0.0,0.0,0.0,0.0,0.0
msms,ai_devi_example,667.378,0.0,0.0,0.0,0.6,0.0,0.0,0.0,0.0,0.0,0.0
msms,ai_devi_example,674.379,0.0,0.0,0.0,0.0,0.0,0.8,0.0,0.0,0.0,0.0
msms,ai_devi_example,675.334,0.0,0.0,0.0,0.8,0.0,0.0,0.0,0.0,0.0,0.0
msms,ai_devi_example,677.301,0.0,0.0,0.0,0.0,0.0,1.2,0.0,0.0,0.0,0.0
msms,ai_devi_example,682.363,-0.4,-0.6,-0.4,-0.9,-0.8,-0.8,-0.4,-0.7,-0.8,-2.7
msms,ai_devi_example,683.356,0.0,0.0,0.0,0.0,0.0,0.0,0.0,0.0,0.0,1.6
msms,ai_devi_example,685.390,0.0,0.9,0.0,1.3,0.0,0.0,0.0,0.0,1.0,0.0
msms,ai_devi_example,688.765,0.0,0.0,0.0,0.0,0.0,0.0,0.7,0.0,0.0,0.0
msms,ai_devi_example,690.653,0.0,0.0,0.0,0.0,0.0,0.0,0.0,1.6,0.0,0.0
msms,ai_devi_example,692.269,0.0,0.0,0.0,0.0,0.2,0.0,0.0,0.0,0.0,1.4
msms,ai_devi_example,695.781,0.5,0.0,0.0,0.0,0.0,0.0,0.0,0.0,0.0,0.0
msms,ai_devi_example,710.281,0.0,-0.5,0.6,0.0,-0.3,-0.3,0.0,-0.8,0.0,-2.0
msms,ai_devi_example,711.459,0.0,0.0,0.0,0.0,0.0,0.0,0.0,0.0,0.6,0.0
msms,ai_devi_example,731.386,0.0,0.0,0.0,0.7,0.0,0.0,0.0,0.0,0.0,0.0
msms,ai_devi_example,733.352,0.0,0.0,0.0,0.8,0.0,0.9,0.0,0.0,0.0,0.0
msms,ai_devi_example,742.204,0.0,0.0,0.0,0.0,0.0,0.0,0.7,0.0,0.0,0.0
msms,ai_devi_example,744.067,0.0,0.0,0.0,0.0,0.0,0.9,0.0,0.0,0.0,0.0
msms,ai_devi_example,745.296,0.0,0.0,0.0,0.6,0.0,0.0,0.0,0.0,0.0,0.0
msms,ai_devi_example,749.390,0.0,1.0,0.0,1.3,0.0,0.0,0.6,0.0,1.2,0.0
msms,ai_devi_example,750.391,0.0,0.0,0.0,0.7,0.0,0.0,0.0,0.0,0.0,0.0
msms,ai_devi_example,758.587,0.0,0.0,0.0,0.0,0.0,0.0,0.0,0.0,0.6,0.0
msms,ai_devi_example,761.343,0.0,1.1,0.0,0.0,0.0,0.0,0.0,0.0,0.0,0.0
msms,ai_devi_example,762.345,0.0,1.0,0.0,0.0,0.0,0.0,0.0,0.0,0.0,0.0
msms,ai_devi_example,767.713,0.0,0.0,0.0,0.0,0.0,0.0,0.0,1.6,0.0,0.0
msms,ai_devi_example,769.391,-0.9,-1.2,-0.4,0.0,-0.6,-0.8,-0.6,-1.2,-0.3,-5.0
msms,ai_devi_example,770.220,0.0,0.0,0.0,0.0,0.0,0.0,0.0,0.0,0.0,1.2
msms,ai_devi_example,770.393,0.1,0.1,0.4,-0.1,-0.6,-0.5,-0.1,0.0,0.0,-0.9
msms,ai_devi_example,773.662,0.0,0.0,0.0,0.6,0.0,0.0,0.0,0.0,0.0,0.0
msms,ai_devi_example,777.377,0.0,0.0,0.0,0.0,0.0,0.0,0.0,1.6,0.0,0.0
msms,ai_devi_example,779.369,0.0,0.0,0.0,0.0,0.0,0.0,0.8,0.0,0.0,0.0
msms,ai_devi_example,791.441,0.0,0.0,0.0,0.0,0.0,0.0,0.0,0.0,0.7,0.0
msms,ai_devi_example,796.420,0.0,0.9,0.0,1.4,0.0,0.0,0.0,0.0,1.0,0.0
msms,ai_devi_example,802.689,0.0,0.0,0.0,0.0,0.0,0.0,0.0,1.6,0.0,0.0
msms,ai_devi_example,803.797,0.0,0.0,0.0,0.0,0.5,0.0,0.0,0.0,0.0,0.0
msms,ai_devi_example,806.349,0.0,0.0,0.0,0.7,0.0,1.0,0.0,0.0,0.0,0.0
msms,ai_devi_example,808.265,0.0,0.0,0.0,0.0,0.0,0.9,0.0,0.0,0.0,0.0
msms,ai_devi_example,813.455,0.0,0.9,0.0,1.0,0.0,0.0,0.0,0.0,0.8,0.0
msms,ai_devi_example,818.139,0.0,0.0,0.0,0.0,0.6,0.0,0.0,0.0,0.0,0.0
msms,ai_devi_example,819.727,0.0,0.0,0.0,0.0,0.0,0.0,0.0,1.9,0.0,0.0
msms,ai_devi_example,820.379,0.0,0.0,0.0,1.0,0.0,1.3,0.0,0.0,0.0,0.0
msms,ai_devi_example,821.366,0.0,0.0,0.0,0.7,0.0,0.0,0.0,0.0,0.0,0.0
msms,ai_devi_example,823.362,0.0,0.5,0.0,0.7,0.0,0.8,0.0,0.0,0.6,0.0
msms,ai_devi_example,823.599,0.0,0.0,0.0,0.0,0.0,0.0,0.0,0.0,0.6,0.0
msms,ai_devi_example,825.696,0.0,0.0,0.0,0.0,0.0,0.0,0.7,0.0,0.0,0.0
msms,ai_devi_example,838.407,0.0,0.0,0.0,0.7,0.0,0.0,0.0,0.0,0.0,0.0
msms,ai_devi_example,839.754,0.5,0.0,0.0,0.0,0.0,0.0,0.0,0.0,0.0,0.0
msms,ai_devi_example,843.815,0.0,0.0,0.0,0.0,0.0,0.0,0.0,1.7,0.0,0.0
msms,ai_devi_example,845.571,0.5,0.0,0.0,0.0,0.0,0.0,0.0,0.0,0.0,0.0
msms,ai_devi_example,848.437,0.0,0.0,0.0,0.7,0.0,0.0,0.0,0.0,0.0,0.0
msms,ai_devi_example,849.451,0.0,0.5,0.0,0.0,0.0,0.0,0.0,0.0,0.0,0.0
msms,ai_devi_example,849.850,0.5,0.0,0.0,0.0,0.0,0.0,0.0,0.0,0.0,0.0
msms,ai_devi_example,859.440,0.0,0.0,0.0,0.8,0.0,0.0,0.0,0.0,0.0,0.0
msms,ai_devi_example,860.419,0.0,0.9,0.0,1.1,0.0,0.0,0.0,0.0,0.0,0.0
msms,ai_devi_example,861.431,0.0,0.0,0.0,0.8,0.0,0.0,0.0,0.0,0.0,0.0
msms,ai_devi_example,864.640,0.0,0.0,0.0,0.0,0.0,0.0,0.0,0.0,0.0,1.4
msms,ai_devi_example,865.415,0.5,0.0,0.0,0.0,0.0,0.0,0.0,0.0,0.0,0.0
msms,ai_devi_example,868.036,0.0,0.0,0.0,0.0,0.0,0.0,0.7,0.0,0.0,0.0
msms,ai_devi_example,874.430,0.0,1.3,0.0,0.0,0.0,0.0,0.0,0.0,0.0,0.0
msms,ai_devi_example,875.435,0.0,1.3,0.0,0.0,0.0,0.0,0.0,0.0,0.0,0.0
msms,ai_devi_example,876.437,0.0,0.6,0.0,0.0,0.0,0.0,0.0,0.0,0.0,0.0
msms,ai_devi_example,877.456,0.0,0.7,0.0,0.8,0.0,0.0,0.0,0.0,0.8,0.0
msms,ai_devi_example,878.446,0.0,0.0,0.0,0.6,0.0,0.0,0.0,0.0,0.0,0.0
msms,ai_devi_example,880.193,0.0,0.0,0.0,0.0,0.6,0.0,0.0,0.0,0.0,0.0
msms,ai_devi_example,880.425,-0.0,-0.2,-0.7,-0.1,-0.0,-0.2,-0.1,-0.7,0.0,-1.6
msms,ai_devi_example,892.931,0.0,0.0,0.0,0.0,0.0,0.0,0.0,1.8,0.0,0.0
msms,ai_devi_example,896.223,0.0,0.0,0.0,0.0,0.0,0.0,0.0,0.0,0.6,0.0
msms,ai_devi_example,898.434,-0.2,-0.8,-0.1,-1.1,-0.6,-0.8,-0.5,0.0,-0.5,-0.6
msms,ai_devi_example,899.430,0.0,-0.3,0.6,0.0,0.0,0.0,-0.3,0.0,0.0,-0.4
msms,ai_devi_example,907.469,0.0,0.0,0.0,0.0,0.0,0.0,0.7,0.0,0.0,0.0
msms,ai_devi_example,913.114,0.0,0.0,0.0,0.0,0.0,0.0,0.0,0.0,0.6,0.0
msms,ai_devi_example,952.041,0.0,0.0,0.0,0.0,0.5,0.0,0.0,0.0,0.0,0.0
msms,ai_devi_example,960.442,0.0,0.0,0.0,0.7,0.0,0.0,0.0,0.0,0.0,0.0
msms,ai_devi_example,961.455,0.0,0.0,0.0,0.6,0.0,0.0,0.0,0.0,0.0,0.0
msms,ai_devi_example,961.721,0.0,0.5,0.0,0.0,0.0,0.0,0.0,0.0,0.0,0.0
msms,ai_devi_example,969.472,-0.2,-0.6,-0.2,-0.7,-0.1,0.0,-0.3,-0.9,-0.4,-3.6
msms,ai_devi_example,970.481,0.2,0.4,1.7,0.0,-0.6,-0.6,-0.5,0.0,0.0,-2.3
msms,ai_devi_example,978.908,0.0,0.0,0.0,0.0,0.0,0.0,0.0,1.8,0.0,0.0
msms,ai_devi_example,980.357,0.0,0.0,0.0,0.0,0.0,0.0,0.7,0.0,0.0,0.0
msms,ai_devi_example,983.383,0.0,0.0,0.0,0.0,0.0,0.8,0.0,0.0,0.0,0.0
msms,ai_devi_example,986.279,0.5,0.0,0.0,0.0,0.0,0.0,0.0,0.0,0.0,0.0
msms,ai_devi_example,989.956,0.0,0.5,0.0,0.0,0.0,0.0,0.0,0.0,0.0,0.0
msms,ai_devi_example,993.167,0.0,0.0,0.0,0.0,0.6,0.0,0.0,0.0,0.0,0.0
msms,ai_devi_example,1008.554,0.0,0.0,0.0,0.0,0.0,0.0,0.7,0.0,0.0,0.0
msms,ai_devi_example,1009.780,0.0,0.0,0.0,0.0,0.0,0.8,0.0,0.0,0.0,0.0
msms,ai_devi_example,1021.549,0.0,0.0,0.0,0.0,0.5,0.0,0.0,0.0,0.0,0.0
msms,ai_devi_example,1035.638,0.0,0.0,0.0,0.0,0.0,0.0,0.7,0.0,0.0,0.0
msms,ai_devi_example,1037.485,0.0,0.6,0.0,0.0,0.0,0.0,0.0,0.0,0.0,0.0
msms,ai_devi_example,1038.485,0.0,0.6,0.0,0.0,0.0,0.0,0.0,0.0,0.0,0.0
msms,ai_devi_example,1046.931,0.0,0.0,0.0,0.0,0.0,0.0,0.0,1.7,0.0,0.0
msms,ai_devi_example,1050.653,0.0,0.0,0.0,0.0,0.0,0.8,0.0,0.0,0.0,0.0
msms,ai_devi_example,1053.722,0.0,0.0,0.0,0.0,0.0,0.0,0.0,0.0,0.0,1.3
msms,ai_devi_example,1058.003,0.0,0.5,0.0,0.0,0.0,0.0,0.0,0.0,0.0,0.0
msms,ai_devi_example,1062.631,0.0,0.0,0.0,0.0,0.0,0.0,0.0,1.8,0.0,0.0
msms,ai_devi_example,1066.763,0.0,0.0,0.0,0.6,0.0,0.0,0.0,0.0,0.0,0.0
msms,ai_devi_example,1068.323,0.0,0.0,0.0,0.6,0.0,0.0,0.0,0.0,0.0,0.0
msms,ai_devi_example,1079.457,0.0,0.0,0.0,0.0,0.0,0.0,0.0,0.0,0.0,1.5
msms,ai_devi_example,1080.478,0.0,0.0,0.0,0.0,0.3,0.0,0.0,0.0,0.0,1.3
msms,ai_devi_example,1098.553,0.0,0.0,0.0,0.0,0.5,0.0,0.0,0.0,0.0,0.0
msms,ai_devi_example,1099.755,0.0,0.0,0.0,0.6,0.0,0.0,0.0,0.0,0.0,0.0
msms,ai_devi_example,1106.028,0.0,0.0,0.0,0.6,0.0,0.0,0.0,0.0,0.0,0.0
msms,ai_devi_example,1106.861,0.0,0.0,0.0,0.0,0.0,0.8,0.0,0.0,0.0,0.0
msms,ai_devi_example,1116.503,0.0,0.0,0.0,0.0,0.0,0.0,0.6,0.0,0.0,0.0
msms,ai_devi_example,1118.272,0.5,0.0,0.0,0.0,0.0,0.0,0.0,0.0,0.0,0.0
msms,ai_devi_example,1121.670,0.0,0.0,0.0,0.0,0.0,0.0,0.0,0.0,0.6,0.0
msms,ai_devi_example,1121.942,0.0,0.0,0.0,0.0,0.0,0.9,0.0,0.0,0.0,0.0
msms,ai_devi_example,1143.390,0.0,0.0,0.0,0.5,0.0,0.0,0.0,0.0,0.0,0.0
msms,ai_devi_example,1144.553,0.0,0.0,0.0,0.0,0.0,0.0,0.7,0.0,0.0,0.0
msms,ai_devi_example,1154.554,0.5,0.0,0.0,0.0,0.0,0.0,0.0,0.0,0.0,0.0
msms,ai_devi_example,1159.710,0.0,0.5,0.0,0.0,0.0,0.0,0.0,0.0,0.0,0.0
msms,ai_devi_example,1171.929,0.0,0.0,0.0,0.6,0.0,0.0,0.0,0.0,0.0,0.0
precursors,ai_devi_example,583.318,0.0,0.0,0.0,10.1,0.0,0.0,0.0,0.0,0.0,0.0
precursors,ai_devi_example,583.494,2.6,0.0,0.0,0.0,0.0,0.0,0.0,0.0,0.0,0.0
precursors,ai_devi_example,583.618,1.8,5.3,0.0,0.0,0.0,0.0,0.0,0.0,0.0,0.0
precursors,ai_devi_example,583.800,0.0,4.4,0.0,6.3,0.0,0.0,0.0,0.0,5.5,0.0
precursors,ai_devi_example,583.994,1.7,0.0,0.0,0.0,0.0,0.0,0.0,0.0,0.0,0.0
precursors,ai_devi_example,584.277,0.0,0.0,0.0,4.4,0.0,5.0,5.1,5.9,5.3,0.0
precursors,ai_devi_example,584.609,0.0,0.0,0.0,7.2,2.0,3.3,5.8,0.0,0.0,0.0
precursors,ai_devi_example,584.772,0.0,6.8,0.0,0.0,0.0,2.7,2.2,0.0,0.0,0.0
precursors,ai_devi_example,584.943,0.0,0.0,0.0,4.8,0.0,0.0,3.7,0.0,0.0,0.0
precursors,ai_devi_example,585.280,5.2,6.8,0.0,0.0,9.4,0.0,12.6,28.2,9.7,0.0
precursors,ai_devi_example,585.603,1.5,4.5,0.0,3.2,0.0,8.1,0.0,0.0,0.0,0.0
precursors,ai_devi_example,585.781,-0.0,-6.2,6.9,-2.1,-0.9,5.5,-1.0,0.0,-3.8,8.3
precursors,ai_devi_example,585.933,0.0,0.0,0.0,0.0,0.0,6.7,0.0,0.0,0.0,0.0
precursors,ai_devi_example,586.278,0.3,-3.3,-2.5,2.7,-2.4,-0.2,-3.2,-20.0,3.7,3.0
precursors,ai_devi_example,586.291,-0.2,-5.0,-8.6,1.8,-3.8,-1.7,-4.9,-19.2,2.5,-3.6
precursors,ai_devi_example,586.389,0.0,0.0,0.0,0.0,0.0,0.0,0.0,10.8,0.0,0.0
precursors,ai_devi_example,586.619,0.0,3.5,0.0,0.0,0.0,2.9,0.0,0.0,0.0,0.0
precursors,ai_devi_example,586.803,0.0,-11.9,18.5,-6.9,-9.9,-6.5,-13.3,0.0,0.0,-45.0
precursors,ai_devi_example,586.936,0.0,0.0,0.0,3.2,0.0,0.0,0.0,0.0,0.0,0.0
precursors,ai_devi_example,587.309,0.7,4.2,14.6,-1.6,0.0,-5.2,-8.3,-9.3,-0.0,-33.1
precursors,ai_devi_example,587.815,0.0,0.0,7.3,0.0,0.0,0.0,-2.0,7.8,2.0,0.0
precursors,ai_devi_example,587.932,3.1,0.0,0.0,3.5,0.0,0.0,2.4,0.0,0.0,0.0
precursors,ai_devi_example,588.034,0.0,0.0,0.0,0.0,0.0,0.0,0.0,0.0,4.1,0.0
precursors,ai_devi_example,588.285,2.0,0.0,0.0,5.2,0.0,4.0,4.8,6.6,0.0,0.0
precursors,ai_devi_example,588.397,0.0,4.2,0.0,4.5,0.0,0.0,0.0,0.0,0.0,0.0
precursors,ai_devi_example,588.657,0.0,0.0,0.0,0.0,0.0,0.0,3.8,0.0,0.0,0.0
precursors,ai_devi_example,588.766,1.5,0.0,0.0,0.8,0.0,0.0,0.0,21.7,0.0,0.0
precursors,ai_devi_example,588.972,0.0,0.0,0.0,0.0,0.0,5.0,3.5,0.0,0.0,0.0
precursors,ai_devi_example,589.298,0.4,0.4,0.0,-3.0,0.0,1.5,-3.9,20.3,0.0,0.0
precursors,ai_devi_example,589.632,0.0,2.8,0.0,0.0,0.0,3.7,2.3,0.0,0.0,0.0
precursors,ai_devi_example,589.787,1.7,18.1,0.0,5.9,0.0,0.0,1.1,24.1,3.2,0.0
precursors,ai_devi_example,589.813,0.5,17.0,0.0,3.9,0.0,0.0,-6.0,16.0,-1.3,0.0
precursors,ai_devi_example,589.816,0.0,17.1,0.0,3.9,0.0,0.0,-6.0,16.0,-1.3,0.0
precursors,ai_devi_example,590.274,2.2,0.0,0.0,0.0,0.0,0.0,0.0,0.0,0.0,0.0
